Keyword,Position,Previous Position,Search Volume,Keyword Difficulty Index,CPC,Url,Traffic (%),Traffic Cost (%),Competition,Number of Results,,
goodyear hydraulic hose fittings,33,43,20,56.33,7.51,https://hoseinahurry.com/,0,0,1,368000,,
stainless steel hydraulic fittings,31,20,10,48.31,5.37,https://hoseinahurry.com/,0,0,1,13100000,,
steel braided hydraulic hose,28,23,10,60.03,3.89,https://hoseinahurry.com/,0,0,0.98,1370000,,
stainless steel hydraulic hose,8,9,10,51.74,3.42,https://hoseinahurry.com/,0,100,1,14800000,,
stainless steel braided hydraulic hose,9,13,10,47.91,3.09,https://hoseinahurry.com/,0,0,1,1310000,,
hydraulic hose store,93,0,10,46.34,2.53,https://hoseinahurry.com/,0,0,0.49,15400000,,
stainless hydraulic fittings,30,22,10,43.01,2.38,https://hoseinahurry.com/,0,0,1,13800000,,
steel hydraulic lines and fittings,36,37,20,65.58,2.32,https://hoseinahurry.com/,0,0,1,15800000,,
steel hydraulic fittings,74,69,20,57.16,2.15,https://hoseinahurry.com/,0,0,1,22200000,,
stainless steel hydraulic hose fittings,15,12,40,51.69,1.95,https://hoseinahurry.com/,0,0,1,940000,,
stainless steel hydraulic pipe,46,39,10,57.55,0.87,https://hoseinahurry.com/,0,0,1,17100000,,
stainless steel hydraulic lines,16,14,30,55.5,0.82,https://hoseinahurry.com/,0,0,1,10300000,,
4 wire hydraulic hose,52,37,50,53.46,0.62,https://hoseinahurry.com/collections/4-wire-hydraulic-hose,0,0,1,13400000,,
goodyear hydraulic hose,50,63,10,52.24,0.4,https://hoseinahurry.com/,0,0,1,690000,,
stainless steel hydraulic pipe fittings,22,33,50,46.92,0,https://hoseinahurry.com/,0,0,1,6380000,,
goodyear hydraulic fittings,63,88,30,46.55,0,https://hoseinahurry.com/,0,0,0.96,432000,,
cline hose and hydraulics,40,0,10,81.36,0,https://hoseinahurry.com/pages/terms-conditions,0,0,0.03,223000,,